Text,Type
iPhone,DEVICE
iPhone,DEVICE
iPhone,DEVICE
iPhone,DEVICE
iphoneX,DEVICE
iphone,DEVICE
iPhone,DEVICE
iPhone,DEVICE
iPhone,DEVICE
iphone,DEVICE
iPhoneX,DEVICE
iPhoneX,DEVICE
iPhone,DEVICE
iPhone,DEVICE
iPhone,DEVICE
iPhone,DEVICE
iPhone,DEVICE
iPhone,DEVICE
iPhoneX,DEVICE
iPhone,DEVICE
iphone,DEVICE
iPhoneX,DEVICE
iPhone,DEVICE
iPhone,DEVICE
iPhone,DEVICE
iPhone,DEVICE
iPhone,DEVICE
iPhone,DEVICE
iPhone,DEVICE
iPhone,DEVICE
iPhone,DEVICE
iPhone,DEVICE
iPhone,DEVICE
iPhone,DEVICE
iphone,DEVICE
iPhone,DEVICE
iPhone,DEVICE
iPhone,DEVICE
iPhone,DEVICE
iPhone,DEVICE
iPhone,DEVICE
iPhone,DEVICE
iPhoneX,DEVICE
iPhone,DEVICE
iPhone,DEVICE
iPhone,DEVICE
iPhoneX,DEVICE
iPhone,DEVICE
iPhone,DEVICE
iPhone,DEVICE
iPhone,DEVICE
iPhone,DEVICE
iPhone,DEVICE
iPhoneX,DEVICE
iPhone,DEVICE
Android,DEVICE
iPhone,DEVICE
iPhone,DEVICE
iPhone,DEVICE
iPhone,DEVICE
iPhone,DEVICE
iphone,DEVICE
Android,DEVICE
iPhone,DEVICE
iphone,DEVICE
iPhone,DEVICE
iPhone,DEVICE
iPhone,DEVICE
iPhone,DEVICE
iPhone,DEVICE
iPhone,DEVICE
iphone,DEVICE
iPhone,DEVICE
iPhone,DEVICE
iPhone,DEVICE
iPhone,DEVICE
iPhone,DEVICE
iPhone,DEVICE
iPhone,DEVICE
iPhone,DEVICE
iPhone,DEVICE
iPhone,DEVICE
iPhone,DEVICE
Android,DEVICE
iPhone,DEVICE
iPhone,DEVICE
iPhone,DEVICE
iphone,DEVICE
Android,DEVICE
iPhoneX,DEVICE
iPhoneX,DEVICE
iPhone,DEVICE
iPhone,DEVICE
iPhone,DEVICE
iPhone,DEVICE
iphone,DEVICE
iPhone,DEVICE
iPhone,DEVICE
iPhone,DEVICE
iPhone,DEVICE
iphone,DEVICE
iPhone,DEVICE
iPhone,DEVICE
iPhone,DEVICE
iPhone,DEVICE
iPhone,DEVICE
iPhone,DEVICE
iPhone,DEVICE
iPhone,DEVICE
iPhone,DEVICE
iphone,DEVICE
iPhone,DEVICE
iphone,DEVICE
iPhone,DEVICE
iPhone,DEVICE
iphone,DEVICE
iPhone,DEVICE
Android,DEVICE
iPhone,DEVICE
iPhone,DEVICE
iPhone,DEVICE
iPhone,DEVICE
iPhone,DEVICE
iPhone,DEVICE
iphone,DEVICE
iPhone,DEVICE
iPhone,DEVICE
iPhone,DEVICE
iPhone,DEVICE
iPhone,DEVICE
iPhone,DEVICE
iphone,DEVICE
iPhone,DEVICE
iPhone,DEVICE
iPhone,DEVICE
iPhone,DEVICE
iPhone,DEVICE
iPhone,DEVICE
iPhone,DEVICE
iPhone,DEVICE
android,DEVICE
iPhone,DEVICE
iPhone,DEVICE
iPhone,DEVICE
iPhone,DEVICE
iPhone,DEVICE
iPhone,DEVICE
iphone,DEVICE
iPhone,DEVICE
iPhone,DEVICE
iPhone,DEVICE
iphone,DEVICE
iPhone,DEVICE
iPhone,DEVICE
iphone,DEVICE
iphone,DEVICE
iPhone,DEVICE
iPhone,DEVICE
iPhone,DEVICE
iPhone,DEVICE
iPhone,DEVICE
iPhone,DEVICE
iPhone,DEVICE
iPhone,DEVICE
iPhone,DEVICE
iphone,DEVICE
iPhone,DEVICE
iPhone,DEVICE
iPhone,DEVICE
iphone,DEVICE
iphone,DEVICE
iPhone,DEVICE
iPhone,DEVICE
iPhone,DEVICE
iPhone,DEVICE
iPhone,DEVICE
iPhone,DEVICE
iPhone,DEVICE
iPhone,DEVICE
iPhone,DEVICE
iPhone,DEVICE
iPhone,DEVICE
iPhone,DEVICE
iPhone,DEVICE
iPhone,DEVICE
iPhone,DEVICE
iPhone,DEVICE
iPhone,DEVICE
iPhone,DEVICE
iPhone,DEVICE
iphone,DEVICE
iPhone,DEVICE
iPhone,DEVICE
iPhone,DEVICE
iPhone,DEVICE
iPhone,DEVICE
iPhone,DEVICE
iphone,DEVICE
iphone,DEVICE
iPhoneX,DEVICE
iPhone,DEVICE
iPhone,DEVICE
iPhone,DEVICE
android,DEVICE
iPhone,DEVICE
iPhone,DEVICE
iPhone,DEVICE
iPhone,DEVICE
iPhone,DEVICE
iPhone,DEVICE
iPhone,DEVICE
iphone,DEVICE
iPhone,DEVICE
iPhone,DEVICE
iPhone,DEVICE
iPhone,DEVICE
iPhoneX,DEVICE
iPhone,DEVICE
iPhone,DEVICE
iPhoneX,DEVICE
iPhone,DEVICE
iPhone,DEVICE
iPhone,DEVICE
iPhone,DEVICE
iPhone,DEVICE
iPhone,DEVICE
iPhone,DEVICE
iPhone,DEVICE
iPhone,DEVICE
iPhone,DEVICE
iPhone,DEVICE
iPhone,DEVICE
iPhone,DEVICE
iPhone,DEVICE
iPhone,DEVICE
iPhone,DEVICE
iPhone,DEVICE
iPhone,DEVICE
iPhone,DEVICE
iPhone,DEVICE
iPhone,DEVICE
Android,DEVICE
iPhone,DEVICE
iPhone,DEVICE
iPhone,DEVICE
iPhone,DEVICE
iPhone,DEVICE
iphone,DEVICE
iPhone,DEVICE
iPhone,DEVICE
iPhone,DEVICE
iPhone,DEVICE
iPhone,DEVICE
iPhone,DEVICE
iphone,DEVICE
iPhone,DEVICE
iPhone,DEVICE
iphone,DEVICE
Android,DEVICE
iPhone,DEVICE
iPhone,DEVICE
iPhone,DEVICE
iPhone,DEVICE
iPhone,DEVICE
Android,DEVICE
Android,DEVICE
iPhone,DEVICE
iphone,DEVICE
iPhone,DEVICE
iphone,DEVICE
iphone,DEVICE
iPhone,DEVICE
iPhone,DEVICE
iphone,DEVICE
iPhone,DEVICE
Android,DEVICE
iPhone,DEVICE
iPhone,DEVICE
iPhone,DEVICE
iPhone,DEVICE
iPhone,DEVICE
iPhone,DEVICE
iPhone,DEVICE
iPhone,DEVICE
iPhone,DEVICE
iPhone,DEVICE
iPhone,DEVICE
iPhone,DEVICE
iPhone,DEVICE
iPhone,DEVICE
iPhone,DEVICE
iphone,DEVICE
iPhone,DEVICE
iphone,DEVICE
iPhone,DEVICE
iPhoneX,DEVICE
iPhone,DEVICE
iphone,DEVICE
iPhone,DEVICE
iPhone,DEVICE
iphone,DEVICE
iPhone,DEVICE
iPhone,DEVICE
iPhone,DEVICE
android,DEVICE
iPhone,DEVICE
iPhoneX,DEVICE
iPhone,DEVICE
iPhone,DEVICE
iPhone,DEVICE
iPhone,DEVICE
iPhone,DEVICE
iPhone,DEVICE
iPhone,DEVICE
iPhone,DEVICE
iPhone,DEVICE
iPhone,DEVICE
iPhone,DEVICE
iPhone,DEVICE
iPhone,DEVICE
iPhone,DEVICE
iPhone,DEVICE
iphone,DEVICE
iPhone,DEVICE
iPhone,DEVICE
iPhone,DEVICE
iPhone,DEVICE
iphone,DEVICE
iPhone,DEVICE
iPhone,DEVICE
iPhone,DEVICE
iPhone,DEVICE
iPhone,DEVICE
iPhone,DEVICE
iPhone,DEVICE
iPhone,DEVICE
Android,DEVICE
iPhone,DEVICE
iPhone,DEVICE
iPhone,DEVICE
iPhone,DEVICE
iPhone,DEVICE
iPhone,DEVICE
Android,DEVICE
iPhone,DEVICE
iPhone,DEVICE
iPhone,DEVICE
iPhone,DEVICE
iPhone,DEVICE
iPhone,DEVICE
iphone,DEVICE
iPhone,DEVICE
iPhone,DEVICE
iphone,DEVICE
iPhone,DEVICE
iPhoneX,DEVICE
iPhone,DEVICE
iPhone,DEVICE
iphone,DEVICE
iphone,DEVICE
iPhone,DEVICE
iPhone,DEVICE
iPhone,DEVICE
iphone,DEVICE
Android,DEVICE
iPhone,DEVICE
iphone,DEVICE
Android,DEVICE
iPhone,DEVICE
iPhone,DEVICE
iPhone,DEVICE
iPhone,DEVICE
iphone,DEVICE
iPhone,DEVICE
iPhone,DEVICE
iPhone,DEVICE
android,DEVICE
iPhone,DEVICE
iPhone,DEVICE
iPhone,DEVICE
iPhone,DEVICE
iPhone,DEVICE
android,DEVICE
iPhone,DEVICE
iPhone,DEVICE
iPhone,DEVICE
iPhone,DEVICE
iPhone,DEVICE
iphone,DEVICE
iPhone,DEVICE
iPhone,DEVICE
iphone,DEVICE
iPhone,DEVICE
iPhone,DEVICE
iPhone,DEVICE
iPhone,DEVICE
iPhone,DEVICE
iPhoneX,DEVICE
iPhone,DEVICE
iPhone,DEVICE
iPhone,DEVICE
iPhone,DEVICE
iphone,DEVICE
iPhone,DEVICE
iPhone,DEVICE
iPhoneX,DEVICE
iPhoneX,DEVICE
iPhoneX,DEVICE
iPhone,DEVICE
iPhone,DEVICE
iphone,DEVICE
iPhone,DEVICE
iPhone,DEVICE
iPhone,DEVICE
iphone,DEVICE
iphone,DEVICE
iPhoneX,DEVICE
iPhone,DEVICE
iPhone,DEVICE
iphone,DEVICE
iphone,DEVICE
iPhone,DEVICE
iPhone,DEVICE
iPhone,DEVICE
iPhone,DEVICE
iPhoneX,DEVICE
iPhoneX,DEVICE
iPhone,DEVICE
iPhoneX,DEVICE
iPhone,DEVICE
iPhone,DEVICE
iPhone,DEVICE
iPhone,DEVICE
iPhone,DEVICE
iPhone,DEVICE
iPhone,DEVICE
iPhone,DEVICE
iPhone,DEVICE
iPhone,DEVICE
iPhone,DEVICE
iPhone,DEVICE
iPhone,DEVICE
iPhone,DEVICE
Android,DEVICE
iPhone,DEVICE
iPhone,DEVICE
iPhone,DEVICE
iPhone,DEVICE
iPhone,DEVICE
iPhone,DEVICE
iPhone,DEVICE
iPhone,DEVICE
iPhone,DEVICE
iPhone,DEVICE
iphone,DEVICE
iPhone,DEVICE
iphone,DEVICE
iphone,DEVICE
iPhone,DEVICE
iPhone,DEVICE
Android,DEVICE
iPhone,DEVICE
iPhone,DEVICE
iPhone,DEVICE
iphone,DEVICE
iPhone,DEVICE
iPhone,DEVICE
iPhone,DEVICE
iPhone,DEVICE
iphone,DEVICE
iPhone,DEVICE
iPhone,DEVICE
iPhone,DEVICE
iPhone,DEVICE
iPhone,DEVICE
android,DEVICE
iPhone,DEVICE
Android,DEVICE
iPhone,DEVICE
Android,DEVICE
iPhone,DEVICE
iPhone,DEVICE
iPhone,DEVICE
iPhone,DEVICE
iPhone,DEVICE
iPhoneX,DEVICE
iphone,DEVICE
iPhone,DEVICE
iPhone,DEVICE
iPhone,DEVICE
iPhone,DEVICE
iPhone,DEVICE
iPhone,DEVICE
iPhone,DEVICE
iPhone,DEVICE
android,DEVICE
iPhone,DEVICE
iPhone,DEVICE
iPhone,DEVICE
iPhone,DEVICE
iphone,DEVICE
iPhone,DEVICE
iphone,DEVICE
iphone,DEVICE
iPhone,DEVICE
iPhone,DEVICE
iPhone,DEVICE
iphone,DEVICE
iPhoneX,DEVICE
iPhone,DEVICE
iPhone,DEVICE
iphone,DEVICE
iPhone,DEVICE
iPhone,DEVICE
iPhone,DEVICE
iPhone,DEVICE
iPhone,DEVICE
iPhone,DEVICE
iPhone,DEVICE
iPhone,DEVICE
iPhone,DEVICE
iPhone,DEVICE
iphone,DEVICE
iPhone,DEVICE
iPhone,DEVICE
iPhone,DEVICE
iphone,DEVICE
iPhone,DEVICE
iphone,DEVICE
iPhone,DEVICE
iPhone,DEVICE
iPhone,DEVICE
iPhone,DEVICE
iPhone,DEVICE
iPhone,DEVICE
iPhone,DEVICE
iPhone,DEVICE
iPhone,DEVICE
iPhone,DEVICE
iPhoneX,DEVICE
iPhone,DEVICE
iphone,DEVICE
iphone,DEVICE
iPhone,DEVICE
iPhone,DEVICE
iPhone,DEVICE
iphone,DEVICE
iPhone,DEVICE
iPhone,DEVICE
iphone,DEVICE
iPhone,DEVICE
iPhone,DEVICE
iphone,DEVICE
iPhone,DEVICE
iPhone,DEVICE
iPhone,DEVICE
iPhone,DEVICE
iPhoneX,DEVICE
iPhone,DEVICE
iPhone,DEVICE
iPhone,DEVICE
android,DEVICE
iPhone,DEVICE
iPhone,DEVICE
iPhone,DEVICE
iPhone,DEVICE
iPhone,DEVICE
iPhone,DEVICE
iphone,DEVICE
iPhone,DEVICE
iphone,DEVICE
iphone,DEVICE
iPhone,DEVICE
iPhone,DEVICE
iPhone,DEVICE
iphone,DEVICE
iPhone,DEVICE
iPhone,DEVICE
iPhone,DEVICE
iPhone,DEVICE
Android,DEVICE
iPhone,DEVICE
iPhone,DEVICE
Android,DEVICE
iPhone,DEVICE
iPhone,DEVICE
iPhone,DEVICE
iPhone,DEVICE
iPhone,DEVICE
iPhone,DEVICE
iphone,DEVICE
Android,DEVICE
iPhone,DEVICE
iphone,DEVICE
iphone,DEVICE
iphone,DEVICE
iPhone,DEVICE
iphone,DEVICE
iPhone,DEVICE
iPhone,DEVICE
iPhone,DEVICE
iPhone,DEVICE
iPhone,DEVICE
iphone,DEVICE
iphone,DEVICE
iPhone,DEVICE
iphone,DEVICE
iPhone,DEVICE
iPhone,DEVICE
iPhone,DEVICE
iphone,DEVICE
iPhone,DEVICE
iPhone,DEVICE
iphone,DEVICE
iPhone,DEVICE
iPhone,DEVICE
iPhone,DEVICE
iPhone,DEVICE
iPhone,DEVICE
iPhone,DEVICE
iPhone,DEVICE
iPhone,DEVICE
iPhoneX,DEVICE
iPhone,DEVICE
iPhone,DEVICE
iPhone,DEVICE
iphone,DEVICE
iPhone,DEVICE
iPhone,DEVICE
iPhone,DEVICE
iPhone,DEVICE
iPhone,DEVICE
iPhone,DEVICE
iPhone,DEVICE
iphone,DEVICE
iPhone,DEVICE
iPhone,DEVICE
iPhone,DEVICE
iPhone,DEVICE
iPhone,DEVICE
iPhone,DEVICE
iPhone,DEVICE
iPhone,DEVICE
iPhone,DEVICE
iPhone,DEVICE
iPhone,DEVICE
iphone,DEVICE
iphone,DEVICE
iPhone,DEVICE
iphone,DEVICE
iPhoneX,DEVICE
iPhone,DEVICE
iphone,DEVICE
iPhone,DEVICE
iPhone,DEVICE
iPhone,DEVICE
iphone,DEVICE
iPhone,DEVICE
iPhone,DEVICE
iPhone,DEVICE
iPhone,DEVICE
iPhone,DEVICE
iPhone,DEVICE
iPhone,DEVICE
iPhone,DEVICE
iPhone,DEVICE
iphone,DEVICE
iPhone,DEVICE
iPhone,DEVICE
iphone,DEVICE
iPhone,DEVICE
android,DEVICE
iphone,DEVICE
iPhone,DEVICE
iPhone,DEVICE
iPhone,DEVICE
iphone,DEVICE
iPhone,DEVICE
iPhone,DEVICE
iPhone,DEVICE
iphone,DEVICE
iPhone,DEVICE
iPhone,DEVICE
iPhone,DEVICE
iphone,DEVICE
iPhone,DEVICE
iPhone,DEVICE
iPhone,DEVICE
iPhone,DEVICE
iPhone,DEVICE
iPhone,DEVICE
iPhone,DEVICE
iPhone,DEVICE
iPhone,DEVICE
iPhone,DEVICE
iPhone,DEVICE
iPhone,DEVICE
iPhone,DEVICE
iPhone,DEVICE
iPhoneX,DEVICE
iPhone,DEVICE
iphone,DEVICE
iPhone,DEVICE
iPhone,DEVICE
iPhone,DEVICE
iPhone,DEVICE
iPhone,DEVICE
iPhone,DEVICE
iPhone,DEVICE
iPhone,DEVICE
iPhone,DEVICE
iPhone,DEVICE
iphone,DEVICE
iPhone,DEVICE
iPhone,DEVICE
iphone,DEVICE
iPhone,DEVICE
iPhone,DEVICE
iPhone,DEVICE
iPhone,DEVICE
iPhone,DEVICE
iPhone,DEVICE
iPhone,DEVICE
iPhone,DEVICE
iPhone,DEVICE
iphone,DEVICE
iPhone,DEVICE
iPhone,DEVICE
iPhone,DEVICE
iPhone,DEVICE
iphone,DEVICE
iPhone,DEVICE
iPhone,DEVICE
iPhone,DEVICE
iPhone,DEVICE
iPhone,DEVICE
iPhone,DEVICE
iPhone,DEVICE
iPhone,DEVICE
iPhone,DEVICE
iPhone,DEVICE
iPhone,DEVICE
iPhone,DEVICE
iPhone,DEVICE
iPhone,DEVICE
iPhone,DEVICE
iPhone,DEVICE
iPhone,DEVICE
iPhone,DEVICE
iPhone,DEVICE
iPhone,DEVICE
iPhone,DEVICE
iPhone,DEVICE
iPhone,DEVICE
iPhone,DEVICE
iphone,DEVICE
iPhone,DEVICE
iPhone,DEVICE
Android,DEVICE
Android,DEVICE
iPhone,DEVICE
iphone,DEVICE
iPhone,DEVICE
iPhone,DEVICE
iPhone,DEVICE
iPhoneX,DEVICE
iPhone,DEVICE
iPhone,DEVICE
iPhone,DEVICE
iPhone,DEVICE
iPhone,DEVICE
iPhone,DEVICE
iPhone,DEVICE
iPhone,DEVICE
iPhone,DEVICE
iPhone,DEVICE
iPhone,DEVICE
iPhoneX,DEVICE
iPhoneX,DEVICE
iPhoneX,DEVICE
iPhone,DEVICE
iPhone,DEVICE
iPhone,DEVICE
iPhone,DEVICE
iphone,DEVICE
iPhone,DEVICE
iPhone,DEVICE
iphoneX,DEVICE
android,DEVICE
iPhone,DEVICE
iphone,DEVICE
iPhone,DEVICE
iPhone,DEVICE
iPhone,DEVICE
iPhone,DEVICE
iPhone,DEVICE
iPhone,DEVICE
iPhone,DEVICE
iphone,DEVICE
iPhone,DEVICE
iPhone,DEVICE
iPhone,DEVICE
iPhone,DEVICE
iPhone,DEVICE
iPhone,DEVICE
iPhone,DEVICE
iPhone,DEVICE
iPhone,DEVICE
iPhone,DEVICE
iPhone,DEVICE
iPhone,DEVICE
iPhone,DEVICE
iPhone,DEVICE
iphone,DEVICE
iPhone,DEVICE
iPhone,DEVICE
iPhone,DEVICE
iPhone,DEVICE
iphone,DEVICE
iphone,DEVICE
iPhone,DEVICE
iPhone,DEVICE
iPhone,DEVICE
iPhone,DEVICE
iPhone,DEVICE
iPhone,DEVICE
iPhone,DEVICE
iPhone,DEVICE
iPhone,DEVICE
iPhone,DEVICE
iPhoneX,DEVICE
iPhone,DEVICE
iPhone,DEVICE
iPhone,DEVICE
iPhone,DEVICE
iPhone,DEVICE
iPhone,DEVICE
iPhone,DEVICE
iPhone,DEVICE
iphoneX,DEVICE
iPhone,DEVICE
iPhone,DEVICE
iPhone,DEVICE
iPhone,DEVICE
iPhone,DEVICE
iPhone,DEVICE
iPhone,DEVICE
iPhone,DEVICE
iPhoneX,DEVICE
iPhone,DEVICE
iPhone,DEVICE
iPhone,DEVICE
iPhone,DEVICE
iPhone,DEVICE
iPhone,DEVICE
iPhone,DEVICE
iphone,DEVICE
iPhone,DEVICE
iphone,DEVICE
iPhone,DEVICE
iPhone,DEVICE
iphone,DEVICE
iPhone,DEVICE
iphone,DEVICE
iPhone,DEVICE
iphoneX,DEVICE
iPhone,DEVICE
iPhone,DEVICE
iPhone,DEVICE
iPhone,DEVICE
iPhone,DEVICE
iPhone,DEVICE
iphone,DEVICE
iPhone,DEVICE
iPhone,DEVICE
iPhone,DEVICE
iPhone,DEVICE
iPhone,DEVICE
iPhone,DEVICE
iPhone,DEVICE
iPhone,DEVICE
iPhone,DEVICE
iPhone,DEVICE
iphoneX,DEVICE
iphone,DEVICE
iPhoneX,DEVICE
iPhoneX,DEVICE
iPhone,DEVICE
iPhone,DEVICE
iPhoneX,DEVICE
iPhone,DEVICE
iphoneX,DEVICE
iPhone,DEVICE
iphone,DEVICE
iPhone,DEVICE
iPhone,DEVICE
iPhone,DEVICE
iPhone,DEVICE
iPhone,DEVICE
iPhone,DEVICE
iPhone,DEVICE
iphone,DEVICE
iPhone,DEVICE
iPhone,DEVICE
iPhone,DEVICE
iPhone,DEVICE
iPhone,DEVICE
iPhone,DEVICE
iPhone,DEVICE
iPhone,DEVICE
iPhone,DEVICE
iPhone,DEVICE
iPhone,DEVICE
iPhone,DEVICE
iPhone,DEVICE
iPhone,DEVICE
iPhone,DEVICE
iPhoneX,DEVICE
iPhone,DEVICE
iPhone,DEVICE
iPhone,DEVICE
iphone,DEVICE
iPhone,DEVICE
iPhone,DEVICE
iPhone,DEVICE
iPhone,DEVICE
iphone,DEVICE
iPhone,DEVICE
iPhone,DEVICE
iPhone,DEVICE
iPhone,DEVICE
iPhone,DEVICE
iPhoneX,DEVICE
iPhone,DEVICE
iPhone,DEVICE
iPhoneX,DEVICE
iPhoneX,DEVICE
iPhone,DEVICE
iphone,DEVICE
iPhone,DEVICE
iPhone,DEVICE
iPhone,DEVICE
iPhone,DEVICE
iPhoneX,DEVICE
iPhone,DEVICE
iphone,DEVICE
iPhone,DEVICE
iPhone,DEVICE
iPhone,DEVICE
iPhone,DEVICE
iPhoneX,DEVICE
iPhone,DEVICE
iPhone,DEVICE
iPhone,DEVICE
iPhone,DEVICE
iPhone,DEVICE
iPhone,DEVICE
iPhone,DEVICE
iPhone,DEVICE
iPhone,DEVICE
iPhoneX,DEVICE
iPhone,DEVICE
iphone,DEVICE
iPhone,DEVICE
iPhone,DEVICE
iPhone,DEVICE
iphone,DEVICE
iphone,DEVICE
iPhoneX,DEVICE
iPhone,DEVICE
iPhone,DEVICE
iPhone,DEVICE
iphone,DEVICE
iPhone,DEVICE
iPhoneX,DEVICE
iphone,DEVICE
iPhone,DEVICE
iphone,DEVICE
iphone,DEVICE
iPhoneX,DEVICE
iPhone,DEVICE
iPhone,DEVICE
iPhone,DEVICE
iphone,DEVICE
iPhone,DEVICE
iPhone,DEVICE
iPhone,DEVICE
iPhoneX,DEVICE
iPhoneX,DEVICE
iPhoneX,DEVICE
iPhone,DEVICE
iPhone,DEVICE
iPhoneX,DEVICE
iPhone,DEVICE
iPhoneX,DEVICE
iPhone,DEVICE
iPhone,DEVICE
iPhone,DEVICE
iPhone,DEVICE
iPhone,DEVICE
iPhone,DEVICE
iPhone,DEVICE
iPhone,DEVICE
iPhoneX,DEVICE
iPhone,DEVICE
iPhone,DEVICE
iPhoneX,DEVICE
iPhoneX,DEVICE
iphone,DEVICE
iphoneX,DEVICE
iPhone,DEVICE
iPhone,DEVICE
iphone,DEVICE
iphone,DEVICE
iPhone,DEVICE
iPhone,DEVICE
iPhone,DEVICE
iPhoneX,DEVICE
iPhone,DEVICE
iPhoneX,DEVICE
iPhone,DEVICE
iPhone,DEVICE
iPhone,DEVICE
iPhone,DEVICE
iPhone,DEVICE
iphone,DEVICE
iPhone,DEVICE
iPhoneX,DEVICE
iphone,DEVICE
iPhone,DEVICE
iPhone,DEVICE
iPhone,DEVICE
iphoneX,DEVICE
iphone,DEVICE
iphone,DEVICE
iPhoneX,DEVICE
iPhone,DEVICE
iPhone,DEVICE
iphone,DEVICE
iPhone,DEVICE
iPhone,DEVICE
iPhone,DEVICE
iPhoneX,DEVICE
iPhone,DEVICE
iPhone,DEVICE
iPhone,DEVICE
iPhone,DEVICE
iPhone,DEVICE
iPhoneX,DEVICE
iPhoneX,DEVICE
iPhone,DEVICE
iPhone,DEVICE
iPhone,DEVICE
iPhone,DEVICE
iPhoneX,DEVICE
iPhoneX,DEVICE
iPhone,DEVICE
iPhoneX,DEVICE
iPhone,DEVICE
iPhone,DEVICE
iPhone,DEVICE
iPhone,DEVICE
iPhone,DEVICE
iPhone,DEVICE
iphone,DEVICE
iPhone,DEVICE
iphone,DEVICE
iphone,DEVICE
iPhone,DEVICE
iPhone,DEVICE
iPhone,DEVICE
iPhone,DEVICE
iPhoneX,DEVICE
iPhoneX,DEVICE
iPhoneX,DEVICE
iPhoneX,DEVICE
iphone,DEVICE
iPhoneX,DEVICE
iPhone,DEVICE
iPhoneX,DEVICE
iPhone,DEVICE
iphone,DEVICE
iPhoneX,DEVICE
iPhone,DEVICE
iphone,DEVICE
iPhone,DEVICE
iPhoneX,DEVICE
iPhone,DEVICE
iPhone,DEVICE
iPhoneX,DEVICE
iPhone,DEVICE
iPhone,DEVICE
iPhone,DEVICE
iPhoneX,DEVICE
iPhone,DEVICE
iPhone,DEVICE
iphone,DEVICE
iPhone,DEVICE
iPhone,DEVICE
iPhoneX,DEVICE
iPhoneX,DEVICE
iPhone,DEVICE
iPhone,DEVICE
iPhoneX,DEVICE
iPhoneX,DEVICE
iPhoneX,DEVICE
iPhoneX,DEVICE
iPhone,DEVICE
iPhone,DEVICE
iPhoneX,DEVICE
iphone,DEVICE
iPhone,DEVICE
iPhone,DEVICE
iPhoneX,DEVICE
iPhone,DEVICE
iPhone,DEVICE
iPhoneX,DEVICE
iPhone,DEVICE
iPhoneX,DEVICE
iPhoneX,DEVICE
iPhone,DEVICE
iPhone,DEVICE
iPhone,DEVICE
iPhone,DEVICE
iPhone,DEVICE
iPhone,DEVICE
iPhone,DEVICE
iPhone,DEVICE
iPhone,DEVICE
iPhone,DEVICE
iPhone,DEVICE
iPhone,DEVICE
iPhone,DEVICE
iPhone,DEVICE
iPhoneX,DEVICE
iPhoneX,DEVICE
iphone,DEVICE
iPhoneX,DEVICE
iPhoneX,DEVICE
iPhone,DEVICE
iPhone,DEVICE
iphone,DEVICE
iphone,DEVICE
iPhone,DEVICE
iPhone,DEVICE
iPhone,DEVICE
iPhone,DEVICE
iPhone,DEVICE
iPhone,DEVICE
iPhoneX,DEVICE
iPhone,DEVICE
iPhone,DEVICE
iPhone,DEVICE
iPhoneX,DEVICE
iPhone,DEVICE
iPhone,DEVICE
iPhone,DEVICE
iPhoneX,DEVICE
iPhone,DEVICE
iPhone,DEVICE
iPhoneX,DEVICE
iPhone,DEVICE
iphone,DEVICE
iPhone,DEVICE
iphone,DEVICE
iPhoneX,DEVICE
iPhone,DEVICE
iPhone,DEVICE
iPhone,DEVICE
iPhone,DEVICE
iphone,DEVICE
iPhone,DEVICE
iPhone,DEVICE
iPhone,DEVICE
iPhoneX,DEVICE
iPhoneX,DEVICE
iPhone,DEVICE
iPhoneX,DEVICE
iphone,DEVICE
iphone,DEVICE
iPhoneX,DEVICE
iphone,DEVICE
iPhone,DEVICE
iPhone,DEVICE
iPhone,DEVICE
iPhone,DEVICE
iPhone,DEVICE
iPhoneX,DEVICE
iPhone,DEVICE
iPhone,DEVICE
iPhone,DEVICE
iPhone,DEVICE
iPhone,DEVICE
iPhone,DEVICE
iPhoneX,DEVICE
iPhone,DEVICE
iPhoneX,DEVICE
iPhoneX,DEVICE
iphoneX,DEVICE
iPhoneX,DEVICE
iphone,DEVICE
iPhone,DEVICE
iPhone,DEVICE
iPhoneX,DEVICE
iPhone,DEVICE
iPhone,DEVICE
iPhoneX,DEVICE
iPhone,DEVICE
iPhone,DEVICE
iPhone,DEVICE
iPhone,DEVICE
iPhone,DEVICE
iPhoneX,DEVICE
iPhone,DEVICE
iPhoneX,DEVICE
iPhone,DEVICE
iPhoneX,DEVICE
iPhoneX,DEVICE
iPhone,DEVICE
iPhoneX,DEVICE
iPhoneX,DEVICE
iPhone,DEVICE
iPhone,DEVICE
iPhone,DEVICE
iPhone,DEVICE
iPhoneX,DEVICE
iphone,DEVICE
iPhoneX,DEVICE
iPhone,DEVICE
iPhoneX,DEVICE
iPhoneX,DEVICE
iphone,DEVICE
iPhone,DEVICE
iPhone,DEVICE
iPhone,DEVICE
iPhone,DEVICE
iPhone,DEVICE
iPhone,DEVICE
iPhone,DEVICE
iPhone,DEVICE
iPhone,DEVICE
iPhone,DEVICE
iPhone,DEVICE
iPhone,DEVICE
iPhone,DEVICE
iPhoneX,DEVICE
iphoneX,DEVICE
iphoneX,DEVICE
iphoneX,DEVICE
iPhone,DEVICE
iPhoneX,DEVICE
iPhoneX,DEVICE
iPhone,DEVICE
iPhone,DEVICE
iPhoneX,DEVICE
iPhoneX,DEVICE
iPhone,DEVICE
iPhone,DEVICE
iPhoneX,DEVICE
iPhone,DEVICE
iPhone,DEVICE
iPhoneX,DEVICE
iPhoneX,DEVICE
iPhoneX,DEVICE
iPhoneX,DEVICE
iPhone,DEVICE
iPhone,DEVICE
iPhoneX,DEVICE
iPhone,DEVICE
iPhoneX,DEVICE
iPhone,DEVICE
iphone,DEVICE
iPhone,DEVICE
iPhoneX,DEVICE
iPhone,DEVICE
iPhone,DEVICE
iPhone,DEVICE
iPhoneX,DEVICE
iPhone,DEVICE
iPhone,DEVICE
iPhone,DEVICE
iPhoneX,DEVICE
iPhone,DEVICE
iPhoneX,DEVICE
iPhone,DEVICE
iPhone,DEVICE
iPhone,DEVICE
iPhone,DEVICE
iPhone,DEVICE
iPhone,DEVICE
iPhone,DEVICE
iPhone,DEVICE
iPhone,DEVICE
iPhoneX,DEVICE
iPhone,DEVICE
iPhoneX,DEVICE
iPhone,DEVICE
iPhone,DEVICE
iPhoneX,DEVICE
iPhone,DEVICE
iPhoneX,DEVICE
iPhone,DEVICE
iphone,DEVICE
iphone,DEVICE
iPhone,DEVICE
iPhone,DEVICE
iPhone,DEVICE
iPhone,DEVICE
iPhone,DEVICE
iPhoneX,DEVICE
iPhone,DEVICE
iPhone,DEVICE
iPhone,DEVICE
iPhone,DEVICE
iPhone,DEVICE
iPhone,DEVICE
iPhone,DEVICE
iPhone,DEVICE
iPhone,DEVICE
iPhone,DEVICE
iPhone,DEVICE
iPhone,DEVICE
iPhone,DEVICE
iphoneX,DEVICE
iPhone,DEVICE
iPhone,DEVICE
iphone,DEVICE
iPhone,DEVICE
iPhone,DEVICE
iphone,DEVICE
iPhone,DEVICE
iPhoneX,DEVICE
iPhone,DEVICE
iPhone,DEVICE
iphone,DEVICE
iPhone,DEVICE
iphoneX,DEVICE
iPhone,DEVICE
iPhone,DEVICE
iphone,DEVICE
iPhone,DEVICE
iPhone,DEVICE
iPhone,DEVICE
iPhone,DEVICE
iPhone,DEVICE
iPhone,DEVICE
iPhone,DEVICE
iPhoneX,DEVICE
iPhone,DEVICE
iPhoneX,DEVICE
iPhone,DEVICE
iPhone,DEVICE
iPhone,DEVICE
iPhoneX,DEVICE
iPhone,DEVICE
iPhoneX,DEVICE
iPhone,DEVICE
iPhoneX,DEVICE
iPhone,DEVICE
iphoneX,DEVICE
iphoneX,DEVICE
iPhone,DEVICE
iPhone,DEVICE
iphone,DEVICE
iPhone,DEVICE
iPhone,DEVICE
iPhone,DEVICE
iPhone,DEVICE
iPhone,DEVICE
iPhone,DEVICE
iPhone,DEVICE
iPhone,DEVICE
iPhoneX,DEVICE
iPhoneX,DEVICE
iPhone,DEVICE
iPhone,DEVICE
iPhone,DEVICE
iPhone,DEVICE
iPhone,DEVICE
iPhone,DEVICE
iPhone,DEVICE
iPhone,DEVICE
iPhone,DEVICE
iPhoneX,DEVICE
iPhoneX,DEVICE
iPhoneX,DEVICE
iPhone,DEVICE
iPhone,DEVICE
iPhoneX,DEVICE
iPhoneX,DEVICE
iphone,DEVICE
iPhone,DEVICE
iPhoneX,DEVICE
iPhoneX,DEVICE
iPhoneX,DEVICE
iPhoneX,DEVICE
iPhoneX,DEVICE
iPhoneX,DEVICE
iPhone,DEVICE
iPhoneX,DEVICE
iPhone,DEVICE
iPhoneX,DEVICE
iPhone,DEVICE
iPhone,DEVICE
iphone,DEVICE
iPhone,DEVICE
iPhone,DEVICE
iPhoneX,DEVICE
iPhone,DEVICE
iPhone,DEVICE
iPhone,DEVICE
iphone,DEVICE
iPhone,DEVICE
iPhoneX,DEVICE
iPhone,DEVICE
iPhone,DEVICE
iPhoneX,DEVICE
iphone,DEVICE
iPhone,DEVICE
iPhone,DEVICE
iPhone,DEVICE
iPhone,DEVICE
iPhone,DEVICE
iphone,DEVICE
iPhone,DEVICE
iPhone,DEVICE
iPhone,DEVICE
iPhone,DEVICE
iPhone,DEVICE
iphoneX,DEVICE
iPhone,DEVICE
iPhone,DEVICE
iphone,DEVICE
iPhone,DEVICE
iPhone,DEVICE
iPhone,DEVICE
iPhone,DEVICE
iPhone,DEVICE
iPhone,DEVICE
iphone,DEVICE
iPhone,DEVICE
iPhone,DEVICE
iPhone,DEVICE
iPhone,DEVICE
iPhone,DEVICE
iPhone,DEVICE
iPhone,DEVICE
iphone,DEVICE
iPhone,DEVICE
iPhone,DEVICE
iPhone,DEVICE
iPhone,DEVICE
iphone,DEVICE
iPhone,DEVICE
iPhone,DEVICE
iPhone,DEVICE
iPhone,DEVICE
iPhone,DEVICE
iPhone,DEVICE
iPhoneX,DEVICE
iPhone,DEVICE
iPhone,DEVICE
iphone,DEVICE
iPhone,DEVICE
iPhone,DEVICE
Android,DEVICE
iPhone,DEVICE
iPhoneX,DEVICE
iPhone,DEVICE
iphone,DEVICE
iPhone,DEVICE
iphone,DEVICE
iPhone,DEVICE
iPhone,DEVICE
iphone,DEVICE
iPhone,DEVICE
iPhone,DEVICE
iPhone,DEVICE
iPhone,DEVICE
iPhone,DEVICE
iPhone,DEVICE
iPhone,DEVICE
iPhone,DEVICE
iPhone,DEVICE
iPhone,DEVICE
iPhone,DEVICE
iPhone,DEVICE
iphone,DEVICE
iPhone,DEVICE
iPhone,DEVICE
iPhone,DEVICE
iPhone,DEVICE
iPhone,DEVICE
iPhone,DEVICE
iPhone,DEVICE
iPhone,DEVICE
iPhone,DEVICE
iPhoneX,DEVICE
iPhone,DEVICE
iPhoneX,DEVICE
iPhone,DEVICE
iPhone,DEVICE
iPhoneX,DEVICE
iPhone,DEVICE
iPhone,DEVICE
iphone,DEVICE
iPhone,DEVICE
iPhone,DEVICE
iPhone,DEVICE
iphone,DEVICE
iPhone,DEVICE
iPhoneX,DEVICE
iPhone,DEVICE
iPhone,DEVICE
iPhone,DEVICE
iPhone,DEVICE
iPhone,DEVICE
iPhone,DEVICE
iPhone,DEVICE
iPhone,DEVICE
iPhoneX,DEVICE
iPhone,DEVICE
iphone,DEVICE
iPhone,DEVICE
iPhone,DEVICE
iPhone,DEVICE
iPhone,DEVICE
iPhoneX,DEVICE
iPhoneX,DEVICE
iPhone,DEVICE
iPhoneX,DEVICE
iphone,DEVICE
iPhone,DEVICE
iPhone,DEVICE
iPhone,DEVICE
iPhone,DEVICE
iPhone,DEVICE
iPhone,DEVICE
iPhoneX,DEVICE
iPhone,DEVICE
iphone,DEVICE
iPhone,DEVICE
iPhone,DEVICE
iPhone,DEVICE
iPhone,DEVICE
iPhone,DEVICE
iPhone,DEVICE
iPhoneX,DEVICE
iPhone,DEVICE
iPhone,DEVICE
iPhone,DEVICE
iPhone,DEVICE
iPhone,DEVICE
iPhone,DEVICE
iphone,DEVICE
iPhone,DEVICE
iPhone,DEVICE
iPhone,DEVICE
iPhoneX,DEVICE
iPhone,DEVICE
iPhone,DEVICE
iPhone,DEVICE
iPhone,DEVICE
iPhoneX,DEVICE
iPhone,DEVICE
iPhoneX,DEVICE
iPhone,DEVICE
iPhone,DEVICE
iPhone,DEVICE
iPhone,DEVICE
iPhone,DEVICE
iPhone,DEVICE
iPhone,DEVICE
iPhone,DEVICE
iPhone,DEVICE
iPhone,DEVICE
iPhone,DEVICE
iPhone,DEVICE
iPhoneX,DEVICE
iphone,DEVICE
iPhone,DEVICE
iPhone,DEVICE
iPhone,DEVICE
iPhone,DEVICE
iPhone,DEVICE
Android,DEVICE
iPhone,DEVICE
iPhone,DEVICE
iPhone,DEVICE
iphone,DEVICE
iPhone,DEVICE
iPhone,DEVICE
iPhoneX,DEVICE
iPhoneX,DEVICE
iPhone,DEVICE
iPhoneX,DEVICE
iPhone,DEVICE
iPhone,DEVICE
Android,DEVICE
iPhone,DEVICE
iPhone,DEVICE
iPhone,DEVICE
iPhone,DEVICE
iPhone,DEVICE
iphone,DEVICE
iPhone,DEVICE
iPhone,DEVICE
iPhoneX,DEVICE
iphone,DEVICE
iPhone,DEVICE
iPhoneX,DEVICE
iphone,DEVICE
iPhone,DEVICE
iPhone,DEVICE
iPhone,DEVICE
iPhone,DEVICE
iPhone,DEVICE
iPhone,DEVICE
iPhone,DEVICE
iPhone,DEVICE
iphone,DEVICE
iPhoneX,DEVICE
iPhone,DEVICE
iphone,DEVICE
iPhone,DEVICE
iPhoneX,DEVICE
iPhone,DEVICE
iPhone,DEVICE
iphone,DEVICE
iphone,DEVICE
iPhone,DEVICE
iPhone,DEVICE
iPhone,DEVICE
iPhone,DEVICE
iPhone,DEVICE
iPhone,DEVICE
iPhone,DEVICE
iPhone,DEVICE
iPhone,DEVICE
iphone,DEVICE
iPhone,DEVICE
iPhone,DEVICE
iPhoneX,DEVICE
iPhone,DEVICE
iphoneX,DEVICE
iPhone,DEVICE
iphone,DEVICE
iPhone,DEVICE
iPhone,DEVICE
iPhone,DEVICE
iPhone,DEVICE
iPhone,DEVICE
iPhone,DEVICE
iPhoneX,DEVICE
iPhone,DEVICE
iPhone,DEVICE
iPhone,DEVICE
iphone,DEVICE
iPhone,DEVICE
iPhoneX,DEVICE
iPhone,DEVICE
iphone,DEVICE
iPhone,DEVICE
iPhone,DEVICE
iPhone,DEVICE
iphone,DEVICE
iPhone,DEVICE
iPhone,DEVICE
iPhone,DEVICE
iPhone,DEVICE
iPhone,DEVICE
iPhone,DEVICE
iPhone,DEVICE
iphone,DEVICE
iPhone,DEVICE
iPhone,DEVICE
iPhone,DEVICE
iPhoneX,DEVICE
iPhoneX,DEVICE
iPhoneX,DEVICE
iPhone,DEVICE
iPhone,DEVICE
iPhoneX,DEVICE
iPhone,DEVICE
iPhoneX,DEVICE
iPhone,DEVICE
iPhone,DEVICE
iPhone,DEVICE
iPhoneX,DEVICE
iPhone,DEVICE
iphone,DEVICE
iPhone,DEVICE
iPhoneX,DEVICE
iPhone,DEVICE
iPhone,DEVICE
iPhone,DEVICE
iPhone,DEVICE
iPhone,DEVICE
iPhoneX,DEVICE
iPhone,DEVICE
iPhone,DEVICE
iPhoneX,DEVICE
iphoneX,DEVICE
iPhoneX,DEVICE
iPhone,DEVICE
iPhone,DEVICE
iPhoneX,DEVICE
iphoneX,DEVICE
iphone,DEVICE
iPhone,DEVICE
iPhone,DEVICE
iPhone,DEVICE
iPhone,DEVICE
iPhone,DEVICE
Android,DEVICE
iPhone,DEVICE
iphone,DEVICE
iphoneX,DEVICE
iPhoneX,DEVICE
iPhone,DEVICE
iPhone,DEVICE
iPhone,DEVICE
iPhone,DEVICE
iPhone,DEVICE
iPhone,DEVICE
iPhone,DEVICE
iPhoneX,DEVICE
iPhone,DEVICE
iPhone,DEVICE
iPhone,DEVICE
iPhone,DEVICE
iPhone,DEVICE
iPhone,DEVICE
iPhone,DEVICE
iPhone,DEVICE
iPhone,DEVICE
iPhone,DEVICE
iPhone,DEVICE
iPhone,DEVICE
iPhone,DEVICE
iPhone,DEVICE
iPhone,DEVICE
iPhone,DEVICE
iPhoneX,DEVICE
iPhone,DEVICE
iPhone,DEVICE
iPhone,DEVICE
iPhone,DEVICE
iPhoneX,DEVICE
Android,DEVICE
iPhone,DEVICE
iPhone,DEVICE
iPhone,DEVICE
iPhoneX,DEVICE
iPhone,DEVICE
android,DEVICE
iPhone,DEVICE
iphone,DEVICE
iphone,DEVICE
iphone,DEVICE
iPhone,DEVICE
iPhone,DEVICE
iPhone,DEVICE
iPhoneX,DEVICE
iPhoneX,DEVICE
iPhone,DEVICE
iPhone,DEVICE
iphone,DEVICE
iPhone,DEVICE
iPhone,DEVICE
iPhone,DEVICE
iPhone,DEVICE
iPhone,DEVICE
iPhone,DEVICE
iphone,DEVICE
iPhone,DEVICE
iphone,DEVICE
iPhone,DEVICE
iphone,DEVICE
iPhone,DEVICE
iPhone,DEVICE
iPhoneX,DEVICE
iPhone,DEVICE
iPhone,DEVICE
iPhone,DEVICE
iPhone,DEVICE
iPhone,DEVICE
iphone,DEVICE
iPhone,DEVICE
iPhone,DEVICE
iPhone,DEVICE
iPhone,DEVICE
iPhoneX,DEVICE
iphone,DEVICE
iPhoneX,DEVICE
iPhone,DEVICE
iPhone,DEVICE
iPhone,DEVICE
iPhone,DEVICE
iPhone,DEVICE
iPhone,DEVICE
iPhone,DEVICE
iPhone,DEVICE
iPhoneX,DEVICE
iPhone,DEVICE
iphone,DEVICE
iphone,DEVICE
iPhone,DEVICE
iPhone,DEVICE
iPhone,DEVICE
iPhone,DEVICE
iphone,DEVICE
iPhone,DEVICE
iPhone,DEVICE
iPhone,DEVICE
iPhoneX,DEVICE
iPhoneX,DEVICE
iPhoneX,DEVICE
iPhone,DEVICE
iPhone,DEVICE
iPhone,DEVICE
iPhone,DEVICE
iphone,DEVICE
iPhone,DEVICE
iphone,DEVICE
iPhoneX,DEVICE
iphone,DEVICE
iPhone,DEVICE
iPhone,DEVICE
iPhone,DEVICE
iPhone,DEVICE
iPhone,DEVICE
iPhone,DEVICE
iPhone,DEVICE
iPhone,DEVICE
iphone,DEVICE
iphone,DEVICE
iPhone,DEVICE
iPhone,DEVICE
iPhone,DEVICE
iPhone,DEVICE
iPhone,DEVICE
iPhone,DEVICE
iPhone,DEVICE
iPhone,DEVICE
iPhone,DEVICE
iPhone,DEVICE
iPhone,DEVICE
iPhone,DEVICE
iPhone,DEVICE
iPhone,DEVICE
iPhone,DEVICE
iPhone,DEVICE
iPhone,DEVICE
iPhone,DEVICE
iPhoneX,DEVICE
iphone,DEVICE
iPhone,DEVICE
iPhone,DEVICE
iPhone,DEVICE
iPhone,DEVICE
iPhone,DEVICE
iPhone,DEVICE
iphone,DEVICE
iPhone,DEVICE
iPhone,DEVICE
iphone,DEVICE
iPhone,DEVICE
iphone,DEVICE
iPhone,DEVICE
iPhone,DEVICE
iPhone,DEVICE
iPhone,DEVICE
iPhone,DEVICE
iPhone,DEVICE
iPhone,DEVICE
iPhone,DEVICE
iphone,DEVICE
iPhone,DEVICE
iphone,DEVICE
iPhone,DEVICE
iPhone,DEVICE
iPhone,DEVICE
iphone,DEVICE
iphone,DEVICE
iPhone,DEVICE
iphone,DEVICE
iPhone,DEVICE
iPhone,DEVICE
iPhone,DEVICE
iPhoneX,DEVICE
iphone,DEVICE
iPhone,DEVICE
iPhoneX,DEVICE
iphone,DEVICE
iPhone,DEVICE
iPhone,DEVICE
iPhone,DEVICE
iPhoneX,DEVICE
iPhone,DEVICE
iPhone,DEVICE
iPhone,DEVICE
iPhone,DEVICE
iPhone,DEVICE
iPhone,DEVICE
iPhoneX,DEVICE
iPhone,DEVICE
iphone,DEVICE
iPhone,DEVICE
iPhone,DEVICE
iPhone,DEVICE
iPhone,DEVICE
iPhone,DEVICE
iPhone,DEVICE
iPhone,DEVICE
iPhone,DEVICE
iPhone,DEVICE
iPhone,DEVICE
iPhone,DEVICE
iPhoneX,DEVICE
iPhone,DEVICE
iPhone,DEVICE
iPhone,DEVICE
iPhone,DEVICE
iPhone,DEVICE
iPhone,DEVICE
iPhone,DEVICE
iphoneX,DEVICE
iPhone,DEVICE
iPhone,DEVICE
iphone,DEVICE
iPhone,DEVICE
iPhone,DEVICE
iPhone,DEVICE
iPhone,DEVICE
iPhone,DEVICE
iphone,DEVICE
iPhoneX,DEVICE
iphone,DEVICE
iphone,DEVICE
iPhone,DEVICE
iPhone,DEVICE
iPhoneX,DEVICE
iPhone,DEVICE
iPhoneX,DEVICE
iPhone,DEVICE
iPhone,DEVICE
Android,DEVICE
iPhone,DEVICE
iPhone,DEVICE
iPhone,DEVICE
iPhone,DEVICE
iPhone,DEVICE
iPhone,DEVICE
iPhone,DEVICE
iphoneX,DEVICE
iPhoneX,DEVICE
iPhone,DEVICE
iphone,DEVICE
iPhone,DEVICE
iPhone,DEVICE
iPhone,DEVICE
iPhone,DEVICE
iPhone,DEVICE
iPhone,DEVICE
iPhoneX,DEVICE
iPhone,DEVICE
iPhone,DEVICE
iPhone,DEVICE
iPhone,DEVICE
iphone,DEVICE
iPhone,DEVICE
iPhone,DEVICE
iPhone,DEVICE
iPhone,DEVICE
iPhone,DEVICE
iPhone,DEVICE
iPhone,DEVICE
iPhone,DEVICE
iPhone,DEVICE
iPhone,DEVICE
iPhone,DEVICE
iPhone,DEVICE
iPhone,DEVICE
iPhone,DEVICE
iPhone,DEVICE
iPhone,DEVICE
iPhone,DEVICE
Android,DEVICE
iPhone,DEVICE
iPhone,DEVICE
iPhone,DEVICE
iphone,DEVICE
iPhone,DEVICE
iPhone,DEVICE
iPhone,DEVICE
iPhone,DEVICE
iPhone,DEVICE
iPhone,DEVICE
iPhone,DEVICE
iPhone,DEVICE
iPhone,DEVICE
iPhone,DEVICE
iphone,DEVICE
Android,DEVICE
Android,DEVICE
iPhone,DEVICE
iphone,DEVICE
iPhone,DEVICE
iPhone,DEVICE
iPhone,DEVICE
iphone,DEVICE
iPhone,DEVICE
iPhone,DEVICE
iPhone,DEVICE
iPhone,DEVICE
iPhone,DEVICE
iPhone,DEVICE
iphone,DEVICE
iPhone,DEVICE
iPhone,DEVICE
iphone,DEVICE
android,DEVICE
iPhone,DEVICE
iphone,DEVICE
iPhone,DEVICE
android,DEVICE
iPhone,DEVICE
iphone,DEVICE
iphone,DEVICE
iPhone,DEVICE
iPhone,DEVICE
iPhone,DEVICE
iPhone,DEVICE
iPhone,DEVICE
iPhone,DEVICE
iPhone,DEVICE
iPhone,DEVICE
iPhone,DEVICE
iPhoneX,DEVICE
Android,DEVICE
iPhone,DEVICE
iPhone,DEVICE
iPhone,DEVICE
iPhone,DEVICE
iPhone,DEVICE
iPhone,DEVICE
iPhone,DEVICE
iPhone,DEVICE
iPhone,DEVICE
iPhone,DEVICE
iPhone,DEVICE
iphone,DEVICE
iPhone,DEVICE
iPhone,DEVICE
iphone,DEVICE
iPhone,DEVICE
iPhone,DEVICE
iPhone,DEVICE
iphone,DEVICE
iPhoneX,DEVICE
iPhone,DEVICE
iphoneX,DEVICE
iphoneX,DEVICE
iPhone,DEVICE
iPhone,DEVICE
iPhone,DEVICE
iPhone,DEVICE
android,DEVICE
iPhone,DEVICE
iPhone,DEVICE
iphone,DEVICE
iPhone,DEVICE
iphone,DEVICE
iphone,DEVICE
iPhone,DEVICE
iphone,DEVICE
iPhone,DEVICE
iPhone,DEVICE
iPhone,DEVICE
iPhone,DEVICE
iPhone,DEVICE
iPhone,DEVICE
iPhone,DEVICE
iPhone,DEVICE
iPhone,DEVICE
iphone,DEVICE
iPhone,DEVICE
iPhone,DEVICE
iPhone,DEVICE
iPhone,DEVICE
Android,DEVICE
iPhone,DEVICE
iPhone,DEVICE
iPhone,DEVICE
iPhone,DEVICE
iPhone,DEVICE
iPhone,DEVICE
iPhone,DEVICE
Android,DEVICE
iphone,DEVICE
iPhoneX,DEVICE
iPhone,DEVICE
iPhone,DEVICE
iPhone,DEVICE
iPhone,DEVICE
iPhone,DEVICE
iPhone,DEVICE
iPhone,DEVICE
iPhone,DEVICE
iPhone,DEVICE
iPhone,DEVICE
iPhone,DEVICE
iPhone,DEVICE
iphone,DEVICE
iPhone,DEVICE
iPhone,DEVICE
iPhone,DEVICE
iPhoneX,DEVICE
iPhone,DEVICE
iphone,DEVICE
iphone,DEVICE
iPhone,DEVICE
iPhoneX,DEVICE
iPhone,DEVICE
iPhone,DEVICE
iPhone,DEVICE
iPhone,DEVICE
iphone,DEVICE
iPhone,DEVICE
iPhone,DEVICE
iPhone,DEVICE
iPhone,DEVICE
iPhone,DEVICE
iPhone,DEVICE
iPhone,DEVICE
iPhone,DEVICE
iPhone,DEVICE
iPhone,DEVICE
iPhone,DEVICE
iPhone,DEVICE
iPhone,DEVICE
iPhone,DEVICE
iPhone,DEVICE
iPhone,DEVICE
iPhone,DEVICE
iPhone,DEVICE
iPhone,DEVICE
iPhone,DEVICE
iPhone,DEVICE
iPhone,DEVICE
iPhone,DEVICE
iPhone,DEVICE
iPhone,DEVICE
iPhone,DEVICE
iPhone,DEVICE
iPhone,DEVICE
iPhone,DEVICE
iPhone,DEVICE
iPhoneX,DEVICE
iPhone,DEVICE
iPhone,DEVICE
iPhone,DEVICE
iPhone,DEVICE
iPhone,DEVICE
iPhone,DEVICE
iPhone,DEVICE
iPhone,DEVICE
iPhone,DEVICE
iPhone,DEVICE
iPhone,DEVICE
iphone,DEVICE
iPhone,DEVICE
iPhone,DEVICE
iphone,DEVICE
iPhone,DEVICE
iPhone,DEVICE
iPhone,DEVICE
iPhone,DEVICE
iPhoneX,DEVICE
iPhone,DEVICE
iphone,DEVICE
iphone,DEVICE
iPhone,DEVICE
iPhone,DEVICE
iPhone,DEVICE
iPhone,DEVICE
iPhoneX,DEVICE
iPhone,DEVICE
iPhone,DEVICE
iPhoneX,DEVICE
iPhone,DEVICE
iPhone,DEVICE
iPhone,DEVICE
iPhone,DEVICE
iPhone,DEVICE
iPhone,DEVICE
iPhone,DEVICE
iPhone,DEVICE
iphone,DEVICE
iPhone,DEVICE
iPhoneX,DEVICE
iPhone,DEVICE
iPhone,DEVICE
iphoneX,DEVICE
iPhone,DEVICE
iPhone,DEVICE
iPhone,DEVICE
iphoneX,DEVICE
iPhone,DEVICE
iPhoneX,DEVICE
iPhone,DEVICE
iPhone,DEVICE
iPhone,DEVICE
iPhone,DEVICE
iPhoneX,DEVICE
iPhoneX,DEVICE
iPhoneX,DEVICE
iPhone,DEVICE
iPhoneX,DEVICE
iPhoneX,DEVICE
iPhone,DEVICE
iPhone,DEVICE
iPhoneX,DEVICE
iPhone,DEVICE
iPhone,DEVICE
iPhone,DEVICE
iPhoneX,DEVICE
iPhoneX,DEVICE
iPhone,DEVICE
iPhone,DEVICE
iPhone,DEVICE
iPhone,DEVICE
iPhone,DEVICE
iPhone,DEVICE
iPhone,DEVICE
iPhone,DEVICE
iPhone,DEVICE
iphoneX,DEVICE
iphone,DEVICE
iPhoneX,DEVICE
iPhone,DEVICE
iphoneX,DEVICE
iPhone,DEVICE
iPhone,DEVICE
iPhoneX,DEVICE
iphone,DEVICE
iPhone,DEVICE
iPhone,DEVICE
iPhone,DEVICE
iPhone,DEVICE
iPhone,DEVICE
iPhone,DEVICE
iPhoneX,DEVICE
iphone,DEVICE
iPhone,DEVICE
iPhone,DEVICE
iPhone,DEVICE
iPhoneX,DEVICE
iPhone,DEVICE
iPhoneX,DEVICE
iPhone,DEVICE
iPhone,DEVICE
iPhone,DEVICE
iPhone,DEVICE
iphoneX,DEVICE
iPhoneX,DEVICE
iPhone,DEVICE
iPhone,DEVICE
iPhone,DEVICE
iPhone,DEVICE
iPhone,DEVICE
iPhone,DEVICE
iPhone,DEVICE
iphone,DEVICE
iPhoneX,DEVICE
iPhone,DEVICE
iPhone,DEVICE
iPhone,DEVICE
iPhone,DEVICE
iPhone,DEVICE
iPhone,DEVICE
iPhoneX,DEVICE
iPhoneX,DEVICE
iphoneX,DEVICE
iphone,DEVICE
iPhone,DEVICE
iPhone,DEVICE
iPhone,DEVICE
iPhoneX,DEVICE
iphone,DEVICE
iPhone,DEVICE
Android,DEVICE
iPhone,DEVICE
iPhone,DEVICE
iPhone,DEVICE
iPhone,DEVICE
iPhone,DEVICE
iPhone,DEVICE
iPhone,DEVICE
iPhone,DEVICE
iPhone,DEVICE
iPhone,DEVICE
iPhone,DEVICE
iPhone,DEVICE
iPhone,DEVICE
iPhoneX,DEVICE
iPhone,DEVICE
iphoneX,DEVICE
iPhone,DEVICE
iPhone,DEVICE
iPhone,DEVICE
iPhone,DEVICE
iPhone,DEVICE
iPhone,DEVICE
iPhone,DEVICE
iPhone,DEVICE
iPhone,DEVICE
iPhone,DEVICE
iPhone,DEVICE
iPhone,DEVICE
iPhone,DEVICE
iPhone,DEVICE
iPhone,DEVICE
iPhone,DEVICE
iPhone,DEVICE
iPhone,DEVICE
iPhone,DEVICE
iPhone,DEVICE
iPhone,DEVICE
iphoneX,DEVICE
iPhone,DEVICE
iPhone,DEVICE
iPhone,DEVICE
iPhone,DEVICE
iPhone,DEVICE
iPhone,DEVICE
iPhone,DEVICE
iPhone,DEVICE
iPhone,DEVICE
iPhone,DEVICE
iPhone,DEVICE
iPhone,DEVICE
iPhone,DEVICE
iPhone,DEVICE
iPhone,DEVICE
Android,DEVICE
iPhoneX,DEVICE
iPhone,DEVICE
iPhone,DEVICE
iPhone,DEVICE
iPhone,DEVICE
iPhone,DEVICE
iPhone,DEVICE
iPhone,DEVICE
iPhone,DEVICE
iPhoneX,DEVICE
iPhone,DEVICE
iPhone,DEVICE
iPhone,DEVICE
iPhone,DEVICE
iphone,DEVICE
iphone,DEVICE
iPhone,DEVICE
iPhone,DEVICE
iPhone,DEVICE
iPhone,DEVICE
iPhoneX,DEVICE
iPhone,DEVICE
iphoneX,DEVICE
iPhone,DEVICE
iPhone,DEVICE
iPhone,DEVICE
iPhone,DEVICE
iPhone,DEVICE
iphone,DEVICE
iPhone,DEVICE
iphone,DEVICE
iPhone,DEVICE
iPhone,DEVICE
iphone,DEVICE
iphone,DEVICE
iPhone,DEVICE
iPhone,DEVICE
iPhone,DEVICE
iPhone,DEVICE
iPhone,DEVICE
iPhone,DEVICE
iPhone,DEVICE
Android,DEVICE
iPhone,DEVICE
iPhone,DEVICE
iPhone,DEVICE
iPhoneX,DEVICE
iPhone,DEVICE
iPhoneX,DEVICE
iPhone,DEVICE
iPhone,DEVICE
iphone,DEVICE
iPhone,DEVICE
iPhone,DEVICE
iphone,DEVICE
iPhone,DEVICE
iPhone,DEVICE
iPhoneX,DEVICE
iPhone,DEVICE
iPhone,DEVICE
iPhone,DEVICE
iPhone,DEVICE
iPhone,DEVICE
iPhone,DEVICE
iPhone,DEVICE
iPhone,DEVICE
iPhone,DEVICE
iphone,DEVICE
iPhone,DEVICE
iPhone,DEVICE
iPhone,DEVICE
iPhone,DEVICE
iPhone,DEVICE
iPhone,DEVICE
iPhone,DEVICE
iPhoneX,DEVICE
iPhone,DEVICE
iPhoneX,DEVICE
iPhone,DEVICE
iPhone,DEVICE
iphone,DEVICE
iphone,DEVICE
iphone,DEVICE
iPhone,DEVICE
iPhone,DEVICE
iPhoneX,DEVICE
iPhone,DEVICE
iphone,DEVICE
iphone,DEVICE
iPhone,DEVICE
iPhoneX,DEVICE
iPhone,DEVICE
iPhoneX,DEVICE
iPhone,DEVICE
iPhone,DEVICE
iPhone,DEVICE
iPhone,DEVICE
iPhone,DEVICE
iPhone,DEVICE
iPhoneX,DEVICE
iPhone,DEVICE
iphone,DEVICE
iPhone,DEVICE
iPhone,DEVICE
iphone,DEVICE
iphone,DEVICE
iPhone,DEVICE
iPhone,DEVICE
iPhone,DEVICE
iphone,DEVICE
iPhone,DEVICE
iPhone,DEVICE
iPhone,DEVICE
iPhone,DEVICE
iPhoneX,DEVICE
iPhone,DEVICE
iPhone,DEVICE
iPhone,DEVICE
iPhone,DEVICE
iphoneX,DEVICE
iPhoneX,DEVICE
iPhone,DEVICE
iphone,DEVICE
iPhone,DEVICE
iPhone,DEVICE
iphone,DEVICE
iPhone,DEVICE
iPhone,DEVICE
iPhone,DEVICE
iPhone,DEVICE
iPhone,DEVICE
iphone,DEVICE
iPhone,DEVICE
iPhone,DEVICE
iPhone,DEVICE
iphone,DEVICE
iPhone,DEVICE
iPhone,DEVICE
iphone,DEVICE
iPhone,DEVICE
iPhone,DEVICE
iPhone,DEVICE
iphone,DEVICE
iPhone,DEVICE
iPhone,DEVICE
iPhone,DEVICE
iPhone,DEVICE
iPhone,DEVICE
iPhone,DEVICE
iPhone,DEVICE
iPhone,DEVICE
iPhone,DEVICE
iPhoneX,DEVICE
iPhone,DEVICE
iPhone,DEVICE
iPhone,DEVICE
iPhone,DEVICE
iPhone,DEVICE
iPhone,DEVICE
iphone,DEVICE
iPhoneX,DEVICE
iPhone,DEVICE
iPhone,DEVICE
iPhoneX,DEVICE
iPhone,DEVICE
iPhone,DEVICE
iphone,DEVICE
iPhone,DEVICE
iPhone,DEVICE
iPhone,DEVICE
iPhone,DEVICE
iphone,DEVICE
iphone,DEVICE
iPhone,DEVICE
iphone,DEVICE
iPhone,DEVICE
iPhone,DEVICE
iPhone,DEVICE
iPhone,DEVICE
iPhone,DEVICE
iPhone,DEVICE
iPhone,DEVICE
iPhone,DEVICE
iPhoneX,DEVICE
iPhone,DEVICE
iPhone,DEVICE
iPhone,DEVICE
iphone,DEVICE
iPhone,DEVICE
iPhone,DEVICE
iPhone,DEVICE
iPhone,DEVICE
iPhone,DEVICE
iPhone,DEVICE
iPhone,DEVICE
iPhone,DEVICE
iPhone,DEVICE
iPhone,DEVICE
iPhone,DEVICE
iPhone,DEVICE
Android,DEVICE
iPhone,DEVICE
Android,DEVICE
iPhone,DEVICE
iphone,DEVICE
iPhone,DEVICE
iPhone,DEVICE
iPhone,DEVICE
iPhone,DEVICE
iPhone,DEVICE
iphone,DEVICE
iPhone,DEVICE
iPhone,DEVICE
iPhone,DEVICE
iPhone,DEVICE
iPhone,DEVICE
iPhone,DEVICE
iphone,DEVICE
iPhone,DEVICE
iPhone,DEVICE
iPhone,DEVICE
iphone,DEVICE
iPhone,DEVICE
iPhoneX,DEVICE
iPhoneX,DEVICE
iPhone,DEVICE
iPhone,DEVICE
iPhone,DEVICE
iPhone,DEVICE
iPhone,DEVICE
iPhone,DEVICE
iphone,DEVICE
android,DEVICE
iPhone,DEVICE
iPhone,DEVICE
iPhone,DEVICE
iPhone,DEVICE
iPhone,DEVICE
iPhone,DEVICE
iPhone,DEVICE
iPhoneX,DEVICE
android,DEVICE
iPhone,DEVICE
iPhone,DEVICE
iPhone,DEVICE
iphone,DEVICE
iPhone,DEVICE
iPhone,DEVICE
iPhone,DEVICE
iPhone,DEVICE
iPhone,DEVICE
iPhone,DEVICE
iPhone,DEVICE
android,DEVICE
iPhone,DEVICE
iPhone,DEVICE
Android,DEVICE
iPhone,DEVICE
iPhone,DEVICE
iPhone,DEVICE
iPhone,DEVICE
iPhone,DEVICE
iPhone,DEVICE
iPhone,DEVICE
iPhone,DEVICE
iPhone,DEVICE
iPhone,DEVICE
iPhone,DEVICE
iphoneX,DEVICE
iPhone,DEVICE
iPhone,DEVICE
iPhone,DEVICE
iPhone,DEVICE
iPhoneX,DEVICE
iPhone,DEVICE
iPhone,DEVICE
iPhone,DEVICE
iPhone,DEVICE
iPhoneX,DEVICE
iPhone,DEVICE
iPhoneX,DEVICE
iPhone,DEVICE
iPhone,DEVICE
iPhone,DEVICE
iPhone,DEVICE
iPhone,DEVICE
iPhone,DEVICE
iPhone,DEVICE
android,DEVICE
iPhone,DEVICE
iPhone,DEVICE
iPhone,DEVICE
iphone,DEVICE
iPhoneX,DEVICE
iPhone,DEVICE
iPhone,DEVICE
iPhone,DEVICE
iPhone,DEVICE
iPhoneX,DEVICE
iPhone,DEVICE
iPhone,DEVICE
iPhone,DEVICE
iPhone,DEVICE
iPhone,DEVICE
iPhone,DEVICE
iPhone,DEVICE
iPhone,DEVICE
iPhone,DEVICE
iPhone,DEVICE
iPhone,DEVICE
iPhone,DEVICE
Android,DEVICE
iPhone,DEVICE
iPhone,DEVICE
iPhone,DEVICE
iPhone,DEVICE
iPhone,DEVICE
iPhone,DEVICE
iPhone,DEVICE
iPhone,DEVICE
Android,DEVICE
iphone,DEVICE
iphoneX,DEVICE
iphone,DEVICE
iPhoneX,DEVICE
iphoneX,DEVICE
iphoneX,DEVICE
iphoneX,DEVICE
iphoneX,DEVICE
iPhone,DEVICE
iPhone,DEVICE
iPhone,DEVICE
iPhone,DEVICE
iPhone,DEVICE
android,DEVICE
iPhone,DEVICE
iPhone,DEVICE
iPhone,DEVICE
iPhone,DEVICE
iPhone,DEVICE
iPhone,DEVICE
iPhoneX,DEVICE
iPhone,DEVICE
iPhone,DEVICE
iPhone,DEVICE
iphoneX,DEVICE
iPhone,DEVICE
iPhoneX,DEVICE
iPhone,DEVICE
iPhone,DEVICE
iPhone,DEVICE
iphone,DEVICE
iphone,DEVICE
iPhone,DEVICE
iPhone,DEVICE
iPhone,DEVICE
Android,DEVICE
iPhone,DEVICE
iPhone,DEVICE
iPhoneX,DEVICE
iPhone,DEVICE
iPhone,DEVICE
iphone,DEVICE
iPhone,DEVICE
iPhone,DEVICE
iPhone,DEVICE
iPhone,DEVICE
iphone,DEVICE
iPhoneX,DEVICE
iPhone,DEVICE
iPhone,DEVICE
iPhone,DEVICE
iPhone,DEVICE
iPhone,DEVICE
iPhone,DEVICE
iPhone,DEVICE
iPhone,DEVICE
iPhone,DEVICE
iPhoneX,DEVICE
iPhone,DEVICE
iPhone,DEVICE
iPhone,DEVICE
iPhone,DEVICE
iPhone,DEVICE
iPhone,DEVICE
iPhone,DEVICE
iPhone,DEVICE
iPhone,DEVICE
iPhone,DEVICE
Android,DEVICE
iPhoneX,DEVICE
iPhone,DEVICE
iPhone,DEVICE
iPhone,DEVICE
iPhone,DEVICE
iPhone,DEVICE
iPhone,DEVICE
iPhone,DEVICE
iPhoneX,DEVICE
iPhone,DEVICE
iPhone,DEVICE
iPhone,DEVICE
iPhone,DEVICE
iPhone,DEVICE
iPhone,DEVICE
iphone,DEVICE
iphone,DEVICE
iPhone,DEVICE
iPhone,DEVICE
iPhone,DEVICE
iPhoneX,DEVICE
iPhone,DEVICE
iPhone,DEVICE
iPhone,DEVICE
iphone,DEVICE
android,DEVICE
iPhone,DEVICE
Android,DEVICE
iphone,DEVICE
iPhone,DEVICE
iPhone,DEVICE
iPhone,DEVICE
iPhone,DEVICE
iphone,DEVICE
iPhone,DEVICE
iPhoneX,DEVICE
iPhone,DEVICE
iPhone,DEVICE
iPhone,DEVICE
iPhone,DEVICE
iPhone,DEVICE
iPhone,DEVICE
iPhone,DEVICE
iPhone,DEVICE
Android,DEVICE
iphone,DEVICE
iPhone,DEVICE
iPhone,DEVICE
iPhone,DEVICE
iPhone,DEVICE
iPhone,DEVICE
iPhone,DEVICE
iPhone,DEVICE
iPhone,DEVICE
iPhone,DEVICE
iphone,DEVICE
iphone,DEVICE
iPhone,DEVICE
iPhone,DEVICE
iPhoneX,DEVICE
iPhone,DEVICE
iphone,DEVICE
iphone,DEVICE
iPhone,DEVICE
iPhone,DEVICE
iPhone,DEVICE
iphone,DEVICE
iphone,DEVICE
iPhone,DEVICE
iPhone,DEVICE
iPhone,DEVICE
iPhone,DEVICE
iPhone,DEVICE
iPhone,DEVICE
iPhone,DEVICE
iPhone,DEVICE
iPhoneX,DEVICE
iPhone,DEVICE
iPhone,DEVICE
iPhone,DEVICE
iPhone,DEVICE
iphone,DEVICE
iPhone,DEVICE
iPhone,DEVICE
iPhone,DEVICE
iPhone,DEVICE
iPhone,DEVICE
iPhone,DEVICE
iPhone,DEVICE
iPhone,DEVICE
iPhone,DEVICE
iPhone,DEVICE
iPhone,DEVICE
iPhone,DEVICE
Android,DEVICE
iPhone,DEVICE
iPhone,DEVICE
iPhone,DEVICE
iPhoneX,DEVICE
iPhone,DEVICE
iPhone,DEVICE
Android,DEVICE
iPhoneX,DEVICE
iPhone,DEVICE
iPhone,DEVICE
iphone,DEVICE
iPhone,DEVICE
iPhone,DEVICE
iPhone,DEVICE
iPhone,DEVICE
iPhone,DEVICE
iPhone,DEVICE
iPhone,DEVICE
iPhone,DEVICE
iphoneX,DEVICE
iphoneX,DEVICE
iPhone,DEVICE
iPhone,DEVICE
iphone,DEVICE
iphone,DEVICE
iPhone,DEVICE
iPhone,DEVICE
iPhone,DEVICE
iPhone,DEVICE
iPhone,DEVICE
iPhone,DEVICE
iPhone,DEVICE
iphone,DEVICE
iPhone,DEVICE
iPhone,DEVICE
iphone,DEVICE
iPhone,DEVICE
iPhone,DEVICE
iPhone,DEVICE
iPhone,DEVICE
iPhone,DEVICE
iPhone,DEVICE
iphone,DEVICE
iPhone,DEVICE
iPhone,DEVICE
iPhone,DEVICE
iPhone,DEVICE
iPhone,DEVICE
iPhone,DEVICE
iPhone,DEVICE
iPhone,DEVICE
iphone,DEVICE
iphone,DEVICE
iphone,DEVICE
iPhone,DEVICE
iPhone,DEVICE
iphone,DEVICE
iPhone,DEVICE
iPhoneX,DEVICE
iPhone,DEVICE
iPhone,DEVICE
iPhone,DEVICE
iPhone,DEVICE
iphone,DEVICE
iPhone,DEVICE
iPhone,DEVICE
iPhoneX,DEVICE
iPhone,DEVICE
iPhone,DEVICE
iPhoneX,DEVICE
iPhoneX,DEVICE
iPhone,DEVICE
iPhone,DEVICE
iPhone,DEVICE
iPhone,DEVICE
iPhone,DEVICE
iPhone,DEVICE
iPhone,DEVICE
iPhone,DEVICE
iPhone,DEVICE
Android,DEVICE
iPhone,DEVICE
iPhone,DEVICE
iphone,DEVICE
iPhone,DEVICE
iPhone,DEVICE
iPhone,DEVICE
iPhone,DEVICE
iPhone,DEVICE
iPhone,DEVICE
iPhone,DEVICE
iPhone,DEVICE
iphone,DEVICE
iphone,DEVICE
Android,DEVICE
iPhone,DEVICE
iPhone,DEVICE
iPhone,DEVICE
iPhone,DEVICE
iPhone,DEVICE
iPhone,DEVICE
iPhone,DEVICE
iphone,DEVICE
iPhone,DEVICE
iphone,DEVICE
iPhone,DEVICE
iPhone,DEVICE
iphone,DEVICE
iphone,DEVICE
iphone,DEVICE
iphoneX,DEVICE
iPhone,DEVICE
iphone,DEVICE
iPhone,DEVICE
iPhone,DEVICE
iPhone,DEVICE
iPhone,DEVICE
iphone,DEVICE
android,DEVICE
iPhone,DEVICE
iPhone,DEVICE
iPhone,DEVICE
iPhone,DEVICE
iPhoneX,DEVICE
iPhone,DEVICE
iPhoneX,DEVICE
iPhone,DEVICE
iPhone,DEVICE
iphone,DEVICE
iPhone,DEVICE
iphone,DEVICE
iPhone,DEVICE
iPhone,DEVICE
iPhone,DEVICE
iPhone,DEVICE
iPhone,DEVICE
iPhone,DEVICE
iPhone,DEVICE
iPhone,DEVICE
iPhone,DEVICE
iPhone,DEVICE
iphone,DEVICE
iPhone,DEVICE
iPhone,DEVICE
iPhone,DEVICE
iPhone,DEVICE
iphone,DEVICE
iPhone,DEVICE
iPhone,DEVICE
iphone,DEVICE
iPhone,DEVICE
iPhone,DEVICE
iPhone,DEVICE
iPhoneX,DEVICE
iphone,DEVICE
iPhone,DEVICE
iPhone,DEVICE
iPhone,DEVICE
iPhone,DEVICE
iPhone,DEVICE
iPhone,DEVICE
iPhone,DEVICE
iPhone,DEVICE
iPhone,DEVICE
iPhoneX,DEVICE
iPhone,DEVICE
iPhone,DEVICE
iPhone,DEVICE
iphone,DEVICE
iPhone,DEVICE
iPhone,DEVICE
iPhone,DEVICE
iPhone,DEVICE
iPhone,DEVICE
iPhone,DEVICE
iphone,DEVICE
iphone,DEVICE
iPhone,DEVICE
iPhone,DEVICE
iPhone,DEVICE
iphone,DEVICE
iPhone,DEVICE
iPhone,DEVICE
iphone,DEVICE
iPhone,DEVICE
iphone,DEVICE
iPhone,DEVICE
iphone,DEVICE
iPhone,DEVICE
iPhoneX,DEVICE
iphone,DEVICE
iPhone,DEVICE
iPhoneX,DEVICE
iphone,DEVICE
iPhone,DEVICE
iPhone,DEVICE
iPhone,DEVICE
iPhone,DEVICE
iPhone,DEVICE
iPhone,DEVICE
iPhoneX,DEVICE
iPhoneX,DEVICE
iPhone,DEVICE
iphone,DEVICE
iPhone,DEVICE
iPhone,DEVICE
iPhoneX,DEVICE
iPhone,DEVICE
iPhone,DEVICE
iPhone,DEVICE
iPhone,DEVICE
iPhone,DEVICE
iPhone,DEVICE
android,DEVICE
iphone,DEVICE
iPhone,DEVICE
iPhone,DEVICE
iPhone,DEVICE
iPhone,DEVICE
iphone,DEVICE
iPhone,DEVICE
iPhone,DEVICE
iPhone,DEVICE
iPhone,DEVICE
iPhone,DEVICE
iPhone,DEVICE
iPhone,DEVICE
iPhone,DEVICE
iPhone,DEVICE
iPhoneX,DEVICE
iPhone,DEVICE
iPhone,DEVICE
iPhone,DEVICE
iPhone,DEVICE
iPhone,DEVICE
iphone,DEVICE
iPhoneX,DEVICE
iPhone,DEVICE
iphone,DEVICE
iphone,DEVICE
iphone,DEVICE
iPhone,DEVICE
iPhone,DEVICE
iPhone,DEVICE
iPhone,DEVICE
iPhone,DEVICE
iPhone,DEVICE
iPhone,DEVICE
iPhone,DEVICE
iphone,DEVICE
iPhone,DEVICE
iPhone,DEVICE
Android,DEVICE
iPhone,DEVICE
iPhone,DEVICE
iPhone,DEVICE
iPhoneX,DEVICE
iPhone,DEVICE
iPhoneX,DEVICE
iPhone,DEVICE
iPhone,DEVICE
iPhone,DEVICE
iPhone,DEVICE
iPhone,DEVICE
iPhone,DEVICE
iphone,DEVICE
iPhone,DEVICE
iphone,DEVICE
iphone,DEVICE
iPhone,DEVICE
iphone,DEVICE
iPhone,DEVICE
iPhone,DEVICE
iPhone,DEVICE
iPhone,DEVICE
iPhone,DEVICE
iPhoneX,DEVICE
iPhone,DEVICE
iPhone,DEVICE
iPhone,DEVICE
iphoneX,DEVICE
iPhone,DEVICE
iPhone,DEVICE
iPhone,DEVICE
iPhone,DEVICE
iphone,DEVICE
iphone,DEVICE
iPhone,DEVICE
iPhone,DEVICE
iPhone,DEVICE
iPhone,DEVICE
iphone,DEVICE
iPhone,DEVICE
iPhone,DEVICE
iphone,DEVICE
iphone,DEVICE
iphone,DEVICE
iphone,DEVICE
iPhone,DEVICE
iPhone,DEVICE
iPhone,DEVICE
iPhone,DEVICE
iPhone,DEVICE
Android,DEVICE
iPhone,DEVICE
iPhone,DEVICE
iPhone,DEVICE
iPhone,DEVICE
iPhone,DEVICE
iPhone,DEVICE
iPhone,DEVICE
iPhone,DEVICE
iphone,DEVICE
iPhone,DEVICE
iPhone,DEVICE
iPhone,DEVICE
iPhone,DEVICE
iPhone,DEVICE
iPhone,DEVICE
iPhone,DEVICE
iPhone,DEVICE
iPhone,DEVICE
iPhone,DEVICE
iPhone,DEVICE
iPhone,DEVICE
iPhone,DEVICE
iPhone,DEVICE
iphone,DEVICE
iPhone,DEVICE
iphone,DEVICE
iPhone,DEVICE
iphone,DEVICE
iphone,DEVICE
iPhone,DEVICE
iPhone,DEVICE
iPhoneX,DEVICE
iPhone,DEVICE
iPhone,DEVICE
iPhone,DEVICE
iPhone,DEVICE
iPhone,DEVICE
iphone,DEVICE
iPhone,DEVICE
iPhone,DEVICE
iPhone,DEVICE
iPhone,DEVICE
iphone,DEVICE
iPhone,DEVICE
iPhone,DEVICE
iPhone,DEVICE
iphone,DEVICE
iPhone,DEVICE
iPhone,DEVICE
iphone,DEVICE
iPhone,DEVICE
iPhone,DEVICE
iPhone,DEVICE
iPhone,DEVICE
iphone,DEVICE
android,DEVICE
iPhone,DEVICE
iPhone,DEVICE
iphone,DEVICE
iphone,DEVICE
iPhone,DEVICE
iPhone,DEVICE
iPhone,DEVICE
iPhone,DEVICE
iphone,DEVICE
iPhone,DEVICE
iPhone,DEVICE
iPhone,DEVICE
iPhone,DEVICE
iPhone,DEVICE
iPhone,DEVICE
iPhone,DEVICE
iPhone,DEVICE
iPhone,DEVICE
iPhone,DEVICE
iPhone,DEVICE
iPhone,DEVICE
iPhone,DEVICE
iPhone,DEVICE
iPhone,DEVICE
iPhone,DEVICE
iPhone,DEVICE
iPhone,DEVICE
iPhone,DEVICE
iphone,DEVICE
iPhone,DEVICE
Android,DEVICE
iPhone,DEVICE
iphone,DEVICE
iPhone,DEVICE
iPhone,DEVICE
iPhone,DEVICE
iPhone,DEVICE
iphone,DEVICE
iPhone,DEVICE
iPhone,DEVICE
iPhone,DEVICE
iPhone,DEVICE
iPhone,DEVICE
iPhone,DEVICE
iPhone,DEVICE
iPhone,DEVICE
iPhone,DEVICE
iPhone,DEVICE
iPhone,DEVICE
iPhone,DEVICE
iPhone,DEVICE
iphone,DEVICE
iPhone,DEVICE
iphone,DEVICE
iPhone,DEVICE
iPhone,DEVICE
iPhone,DEVICE
iPhone,DEVICE
iPhone,DEVICE
iPhoneX,DEVICE
iPhone,DEVICE
iphone,DEVICE
iphone,DEVICE
iphone,DEVICE
iphone,DEVICE
iphone,DEVICE
iPhone,DEVICE
iPhoneX,DEVICE
iPhone,DEVICE
iPhone,DEVICE
iPhone,DEVICE
iphone,DEVICE
iPhone,DEVICE
iPhone,DEVICE
iPhone,DEVICE
iPhone,DEVICE
iPhone,DEVICE
iPhone,DEVICE
iPhone,DEVICE
android,DEVICE
iPhone,DEVICE
iPhone,DEVICE
iPhone,DEVICE
iPhone,DEVICE
iPhone,DEVICE
iPhone,DEVICE
iPhone,DEVICE
iphone,DEVICE
iPhone,DEVICE
iPhone,DEVICE
iPhone,DEVICE
iPhoneX,DEVICE
iphone,DEVICE
iPhone,DEVICE
iphone,DEVICE
iphone,DEVICE
iPhone,DEVICE
iPhone,DEVICE
iPhone,DEVICE
iPhone,DEVICE
iPhone,DEVICE
iPhone,DEVICE
iPhone,DEVICE
iPhone,DEVICE
iPhone,DEVICE
iphone,DEVICE
iPhone,DEVICE
iPhone,DEVICE
iPhone,DEVICE
iPhone,DEVICE
iPhone,DEVICE
iPhone,DEVICE
iPhone,DEVICE
iPhone,DEVICE
iPhone,DEVICE
iphone,DEVICE
iphone,DEVICE
iphone,DEVICE
iPhone,DEVICE
iPhone,DEVICE
iPhone,DEVICE
iPhone,DEVICE
iPhone,DEVICE
iPhone,DEVICE
iPhone,DEVICE
iPhone,DEVICE
iPhone,DEVICE
iPhone,DEVICE
iphone,DEVICE
iPhone,DEVICE
iPhone,DEVICE
iphone,DEVICE
iphone,DEVICE
iPhone,DEVICE
iPhone,DEVICE
iPhone,DEVICE
iphone,DEVICE
iPhone,DEVICE
iPhone,DEVICE
iPhone,DEVICE
iphone,DEVICE
iPhone,DEVICE
iPhone,DEVICE
iPhone,DEVICE
iPhone,DEVICE
iPhone,DEVICE
iPhone,DEVICE
iPhone,DEVICE
iphone,DEVICE
iPhone,DEVICE
iPhone,DEVICE
android,DEVICE
iPhone,DEVICE
iPhone,DEVICE
iPhone,DEVICE
iPhone,DEVICE
iPhone,DEVICE
iPhone,DEVICE
iPhone,DEVICE
iPhone,DEVICE
iPhone,DEVICE
iPhone,DEVICE
iPhone,DEVICE
iPhone,DEVICE
iPhone,DEVICE
iPhone,DEVICE
iPhone,DEVICE
iPhone,DEVICE
iPhone,DEVICE
iPhone,DEVICE
